scenario,proposed,baseline,metric,direction,n_pairs,mean_difference,ci95_low,ci95_high,win_rate
battery_stress,dynamic_information_utility,myopic_information,rmse,positive favors proposed,24,0.004301668534344614,0.003345526344086018,0.005175082547084832,0.9583333333333334
battery_stress,dynamic_information_utility,myopic_information,mae,positive favors proposed,24,0.004016405460898174,0.00321468595767667,0.004745431305372228,1.0
battery_stress,dynamic_information_utility,myopic_information,information_gain,positive favors proposed,24,-0.18317914417340808,-0.25671822039933795,-0.10762365661721132,0.125
battery_stress,dynamic_information_utility,resource_aware_myopic,rmse,positive favors proposed,24,0.0003507329878675586,-0.0005303468748520566,0.0012142262747341702,0.5
battery_stress,dynamic_information_utility,resource_aware_myopic,mae,positive favors proposed,24,0.00016207583990313093,-0.00045834750353576203,0.0007775580110124378,0.5
battery_stress,dynamic_information_utility,resource_aware_myopic,information_gain,positive favors proposed,24,0.01928257273245615,-0.11179472435326164,0.1685279488081493,0.4583333333333333
battery_stress,dynamic_information_utility,static_priority,rmse,positive favors proposed,24,0.01206121734708114,0.011215689109300864,0.01287830027181067,1.0
battery_stress,dynamic_information_utility,static_priority,mae,positive favors proposed,24,0.013097819128993118,0.012155054244266024,0.01396077270139837,1.0
battery_stress,dynamic_information_utility,static_priority,information_gain,positive favors proposed,24,15.664806751075886,15.5740677487614,15.7504577918784,1.0
battery_stress,dynamic_information_utility,uniform_random,rmse,positive favors proposed,24,0.002627361234487371,0.0017625290034815509,0.0034648563849505446,0.875
battery_stress,dynamic_information_utility,uniform_random,mae,positive favors proposed,24,0.0024185489499126372,0.0016056427885058472,0.0031890389180240708,0.875
battery_stress,dynamic_information_utility,uniform_random,information_gain,positive favors proposed,24,3.2073582707186765,2.9701790822119793,3.433764567316639,1.0
cloud_stress,dynamic_information_utility,myopic_information,rmse,positive favors proposed,24,0.005453743993274794,0.004725298952479827,0.0062067651650366705,1.0
cloud_stress,dynamic_information_utility,myopic_information,mae,positive favors proposed,24,0.005236557673884409,0.00460698756206975,0.005889152306936347,1.0
cloud_stress,dynamic_information_utility,myopic_information,information_gain,positive favors proposed,24,-0.6675304969079429,-0.9409231847653946,-0.4152976543961438,0.08333333333333333
cloud_stress,dynamic_information_utility,resource_aware_myopic,rmse,positive favors proposed,24,0.0016708598172994356,0.0007116675557072002,0.0026620243736250313,0.75
cloud_stress,dynamic_information_utility,resource_aware_myopic,mae,positive favors proposed,24,0.0014383690668435326,0.0007141443884639103,0.0021587625733945825,0.7916666666666666
cloud_stress,dynamic_information_utility,resource_aware_myopic,information_gain,positive favors proposed,24,-0.14751117134706307,-0.4804527239074621,0.1636862689964986,0.4583333333333333
cloud_stress,dynamic_information_utility,static_priority,rmse,positive favors proposed,24,0.015473280209893437,0.014605579864787645,0.016351357292116044,1.0
cloud_stress,dynamic_information_utility,static_priority,mae,positive favors proposed,24,0.016498732834088817,0.015455147479091713,0.017512254890453702,1.0
cloud_stress,dynamic_information_utility,static_priority,information_gain,positive favors proposed,24,19.422811512416803,19.15877491979336,19.67467724919839,1.0
cloud_stress,dynamic_information_utility,uniform_random,rmse,positive favors proposed,24,0.00464877013909393,0.003991606318754276,0.005296618990815871,1.0
cloud_stress,dynamic_information_utility,uniform_random,mae,positive favors proposed,24,0.004025903478021141,0.003467550757547031,0.004628528602714878,1.0
cloud_stress,dynamic_information_utility,uniform_random,information_gain,positive favors proposed,24,4.963271731262353,4.577212776258695,5.34117761510248,1.0
nominal,dynamic_information_utility,myopic_information,rmse,positive favors proposed,24,0.0071210762439502485,0.006297610241078291,0.007909529450331687,1.0
nominal,dynamic_information_utility,myopic_information,mae,positive favors proposed,24,0.006467169049577341,0.005700819524427712,0.007161789810052221,1.0
nominal,dynamic_information_utility,myopic_information,information_gain,positive favors proposed,24,-0.18028707664764823,-0.3032939700564755,-0.0769981802920959,0.25
nominal,dynamic_information_utility,resource_aware_myopic,rmse,positive favors proposed,24,0.001555391575585172,0.0004959688528504294,0.0025644374693853337,0.75
nominal,dynamic_information_utility,resource_aware_myopic,mae,positive favors proposed,24,0.0011833797217844944,0.0003873167208997331,0.001966713934579043,0.7083333333333334
nominal,dynamic_information_utility,resource_aware_myopic,information_gain,positive favors proposed,24,0.04598140472497055,-0.13295143121418987,0.22855184917643498,0.5
nominal,dynamic_information_utility,static_priority,rmse,positive favors proposed,24,0.016269861651128942,0.015397092823255035,0.01711017872792111,1.0
nominal,dynamic_information_utility,static_priority,mae,positive favors proposed,24,0.01729459224235383,0.016227927144649896,0.018294521554894784,1.0
nominal,dynamic_information_utility,static_priority,information_gain,positive favors proposed,24,20.007913485303792,19.888757225229593,20.106578357621036,1.0
nominal,dynamic_information_utility,uniform_random,rmse,positive favors proposed,24,0.0045747499426948245,0.003771236248529798,0.005402363474682823,1.0
nominal,dynamic_information_utility,uniform_random,mae,positive favors proposed,24,0.003815405034708177,0.0029558889222058766,0.004746002809198754,1.0
nominal,dynamic_information_utility,uniform_random,information_gain,positive favors proposed,24,5.093957686203144,4.820703706188494,5.364985480784534,1.0
storage_stress,dynamic_information_utility,myopic_information,rmse,positive favors proposed,24,0.003958038800769425,0.0032495482431723448,0.004741867421495996,1.0
storage_stress,dynamic_information_utility,myopic_information,mae,positive favors proposed,24,0.0036760503096765584,0.002942528107497121,0.004443284197977478,1.0
storage_stress,dynamic_information_utility,myopic_information,information_gain,positive favors proposed,24,-0.14175676836998222,-0.2543940859813499,-0.04230514602306894,0.16666666666666666
storage_stress,dynamic_information_utility,resource_aware_myopic,rmse,positive favors proposed,24,-0.0003447198643223495,-0.0011419641866800745,0.0004892578260310544,0.4166666666666667
storage_stress,dynamic_information_utility,resource_aware_myopic,mae,positive favors proposed,24,-0.00023510769571415805,-0.0010102719913093942,0.0005979203762225181,0.5
storage_stress,dynamic_information_utility,resource_aware_myopic,information_gain,positive favors proposed,24,-0.072576172347481,-0.1501190137483563,0.001075561978164412,0.2916666666666667
storage_stress,dynamic_information_utility,static_priority,rmse,positive favors proposed,24,0.009919037664674698,0.009288488459800062,0.010527342799982088,1.0
storage_stress,dynamic_information_utility,static_priority,mae,positive favors proposed,24,0.011070715973987781,0.010371814166372033,0.011821398492590037,1.0
storage_stress,dynamic_information_utility,static_priority,information_gain,positive favors proposed,24,10.577585265651509,10.486970115901252,10.653268362368827,1.0
storage_stress,dynamic_information_utility,uniform_random,rmse,positive favors proposed,24,0.001892989229650247,0.001002145767673235,0.002797628936431071,0.7916666666666666
storage_stress,dynamic_information_utility,uniform_random,mae,positive favors proposed,24,0.0015481347033535861,0.000775714535368154,0.0023320730626490965,0.75
storage_stress,dynamic_information_utility,uniform_random,information_gain,positive favors proposed,24,1.6171371651627293,1.463278844580358,1.756418795745875,1.0
