scenario,planner,n,rmse_mean,rmse_ci95_low,rmse_ci95_high,rmse_std,mae_mean,mae_ci95_low,mae_ci95_high,mae_std,mean_variance_mean,mean_variance_ci95_low,mean_variance_ci95_high,mean_variance_std,normalized_squared_error_mean,normalized_squared_error_ci95_low,normalized_squared_error_ci95_high,normalized_squared_error_std,coverage95_mean,coverage95_ci95_low,coverage95_ci95_high,coverage95_std,information_gain_mean,information_gain_ci95_low,information_gain_ci95_high,information_gain_std,successful_observations_mean,successful_observations_ci95_low,successful_observations_ci95_high,successful_observations_std,attempts_mean,attempts_ci95_low,attempts_ci95_high,attempts_std,failures_mean,failures_ci95_low,failures_ci95_high,failures_std,generated_mb_mean,generated_mb_ci95_low,generated_mb_ci95_high,generated_mb_std,downlinked_mb_mean,downlinked_mb_ci95_low,downlinked_mb_ci95_high,downlinked_mb_std,final_storage_mb_mean,final_storage_mb_ci95_low,final_storage_mb_ci95_high,final_storage_mb_std,final_battery_wh_mean,final_battery_wh_ci95_low,final_battery_wh_ci95_high,final_battery_wh_std,energy_rejections_mean,energy_rejections_ci95_low,energy_rejections_ci95_high,energy_rejections_std,storage_rejections_mean,storage_rejections_ci95_low,storage_rejections_ci95_high,storage_rejections_std,no_action_decisions_mean,no_action_decisions_ci95_low,no_action_decisions_ci95_high,no_action_decisions_std
battery_stress,dynamic_information_utility,24,0.021444970464325978,0.02045237974184093,0.022475748326550613,0.0025418261168262068,0.01750148002250707,0.016644998282927852,0.018358303191426107,0.0021573175517772838,0.12958679823409577,0.12931994004764114,0.12987493522229118,0.0006877786040413688,0.013186663840384659,0.010724569135357149,0.016088403836076067,0.0066598753282908416,0.9998553240740741,0.9995659722222222,1.0,0.0007087643931664262,16.36220210858099,16.27923776489482,16.43801520753901,0.19808023796391416,114.75,114.29166666666667,115.16666666666667,1.1131623577819225,119.08333333333333,118.29166666666667,119.91666666666667,2.0624313778658907,4.333333333333333,3.4583333333333335,5.291666666666667,2.371326296779315,931.1322876223826,927.5529434447259,934.5786110182632,9.036527864911864,886.7688880134241,885.1877883740435,888.2010838198132,3.8473913059811053,44.36339960895819,41.362910924053516,47.03058283926092,7.2641461224629245,6.685592764118842,6.59312290795242,6.778006801494903,0.2381300955144492,15232.291666666666,14963.807291666668,15485.932291666666,663.840308139047,27696.666666666668,27352.869791666668,28023.859375,870.1769268706054,313.9166666666667,313.125,314.7083333333333,2.062431377865891
battery_stress,myopic_information,24,0.02574663899867059,0.024523435720167554,0.026882778099642797,0.003003604690929206,0.021517885483405247,0.02047729509763914,0.022539814658918814,0.002668613988115176,0.12895075953904922,0.1287916370950426,0.12912414224654262,0.0004306102165232167,0.014271473206386021,0.011692535299761095,0.017203312709992997,0.006991119585063165,0.9998553240740741,0.9995659722222222,1.0,0.0007087643931664262,16.5453812527544,16.493065120911282,16.591357193707477,0.12401574235868516,115.54166666666667,115.25,115.79166666666667,0.721060008759246,117.625,117.16666666666667,118.125,1.1726039399558574,2.0833333333333335,1.4583333333333333,2.75,1.6396358733271996,937.3398034780638,934.9958784501141,939.5560008408415,5.832927360649426,888.6441309076895,887.8822409501015,889.1234026857151,1.704021712159479,48.695672570374434,46.36197931312888,50.69598352493216,5.7388886177219405,6.778024181921886,6.708677425433621,6.847337294213513,0.17939694700707445,15033.916666666666,14847.180208333333,15232.227083333333,499.2038806867928,28095.875,27843.476041666665,28326.344791666666,620.6577375445448,315.375,314.9166666666667,315.79270833333334,1.1726039399558574
battery_stress,resource_aware_myopic,24,0.021795703452193536,0.020670467789619163,0.02296422985363674,0.002964002999178402,0.0176635558624102,0.016671499082356597,0.01870680683959756,0.002516604463587113,0.12965375161163903,0.12927666393018045,0.1301020643877914,0.0010703233121911206,0.015131918707635262,0.01235774598987088,0.01872788829285034,0.007970727725019618,0.9997106481481483,0.9992766203703702,1.0,0.000980311983634163,16.342919535848537,16.21552084509251,16.45288390409214,0.3082531139110378,114.45833333333333,113.45833333333333,115.25,2.358687303798757,117.75,116.91666666666667,118.58333333333333,2.0903505010861947,3.2916666666666665,2.4583333333333335,4.25104166666667,2.4223446540879365,925.5436552950405,917.6072438460906,932.2726845089704,19.09093147486745,879.1814336613176,871.2685585705519,885.002540435076,18.0438555114845,46.362221633722925,43.69509094138594,49.36268670012517,7.264178713056774,6.645960951288103,6.560194737123756,6.7317253334425216,0.2201151014456876,14713.833333333334,14515.121875,14953.326041666665,574.224669458299,28403.375,28075.528125,28693.54375,795.9969856016771,315.25,314.4166666666667,316.0416666666667,2.0903505010861947
battery_stress,static_priority,24,0.03350618781140712,0.03219049908680967,0.03486860418127212,0.0035190485356193578,0.030599299151500187,0.02922734816168101,0.03195801414677458,0.003460971750574179,0.18397848834199862,0.18383879934098413,0.18410652732838573,0.0003315677501031321,0.007339325767762396,0.006670861783392943,0.008003559225074992,0.0017200653687623605,1.0,1.0,1.0,0.0,0.6973953575051084,0.6612312232231977,0.7365130326498744,0.09549151202969976,113.375,112.08333333333333,114.45833333333333,3.090131557632824,120.125,119.04166666666667,121.04166666666667,2.559084415074708,6.75,5.833333333333333,7.75,2.4891067019943205,919.806257357354,909.3282492897189,928.7318523898922,24.96662344761047,876.1133446315348,866.6836386804732,883.8368771148283,22.083912455003734,43.69291272581938,40.02584209518382,47.02660945333084,8.662169859923628,6.820564341725088,6.602820525026935,7.054745172784214,0.576849774318145,15382.333333333334,15034.535416666666,15715.835416666667,872.2438663119625,27446.541666666668,27035.240625,27875.252083333333,1078.3366812774227,312.875,311.9166666666667,313.9166666666667,2.559084415074708
battery_stress,uniform_random,24,0.024072331698813353,0.022792402556213048,0.02532228281141758,0.0032935021973818823,0.019920028972419707,0.018801867785982165,0.021037741360216654,0.0028616851414075646,0.14072345889631346,0.13994432810779311,0.14147832565980215,0.0019191485996429732,0.011734113718038716,0.009839596908942247,0.013913059073513907,0.005173125679665293,1.0,1.0,1.0,0.0,13.154843837862318,12.94219865116247,13.367141954999662,0.5527147966971719,113.83333333333333,112.70833333333333,114.79166666666667,2.681120250399345,120.5,119.41666666666667,121.58333333333333,2.7026556987687047,6.666666666666667,5.75,7.625,2.4435659378771883,921.3601632092018,912.5339511130265,928.9822001197566,21.489149260192573,879.3346643214827,871.2977493910959,885.3539006637903,18.057633231154565,42.0254988877191,38.02504194055607,46.35930946155065,10.61673555817395,6.507480250286586,6.387048285101112,6.6346156837113295,0.3217367445275738,15215.791666666666,14926.808333333334,15539.220833333335,797.2423655907618,27526.666666666668,27112.540625,27919.044791666667,1032.8877908106945,312.5,311.4166666666667,313.5833333333333,2.7026556987687047
cloud_stress,dynamic_information_utility,24,0.02048329112349429,0.019785363568071243,0.021247953650611485,0.0018660182962914476,0.01651958242660461,0.01585099217796271,0.017247980339281547,0.0017077595023307314,0.11667468830353993,0.11582296045366004,0.11761361550427597,0.0022810681721078248,0.014391329874573195,0.012061697248617173,0.017163818129665453,0.006508953465897967,0.9997106481481483,0.9992766203703702,1.0,0.0009803119836341628,20.08088976858104,19.81238541343605,20.32619550612242,0.6569476335670474,141.20833333333334,139.29166666666666,142.95833333333334,4.624877593366465,148.91666666666666,147.66666666666666,150.125,3.147347629584199,7.708333333333333,6.541666666666667,8.916666666666666,2.9558956071856985,1143.0627815670211,1128.5211942209353,1156.5409879177255,36.91243479828528,1099.6921493312645,1081.8054255454138,1115.6425807469743,42.33296861374989,43.37063223575646,37.70364216678208,50.53723843202624,16.457382202630964,11.985690636470117,11.674161133921633,12.359836093631147,0.8803531418176516,7228.916666666667,7102.373958333334,7343.416666666667,319.326998363837,31396.666666666668,31126.0,31669.379166666666,704.9417284993917,284.0833333333333,282.875,285.3333333333333,3.1473476295841993
cloud_stress,myopic_information,24,0.02593703511676908,0.025107670788237536,0.026740251863303102,0.0021056066782354347,0.021756140100489024,0.021003314553872058,0.022492939979023782,0.0019085275177584105,0.1143568740781651,0.11404916767804744,0.1147710318330408,0.0009534214634355628,0.015544526087572721,0.013925408739398034,0.017332941105059403,0.0043259028897431355,0.9998553240740741,0.9995659722222222,1.0,0.0007087643931664262,20.748420265488985,20.630039785896688,20.83622450021186,0.2745853814694413,144.54166666666666,143.75,145.08333333333334,1.7932037558919307,148.58333333333334,147.875,149.25104166666668,1.7916877315917057,4.041666666666667,3.4166666666666665,4.708333333333333,1.6544844636864107,1168.7391504592035,1162.1207799753379,1173.4089505705876,14.560622096270587,1129.0391341195937,1123.7930541911855,1132.2232353440563,11.764182056071954,39.70001633960994,37.36645156192969,42.033507093984056,6.005222503260179,11.810597968174251,11.657296147864011,11.947025679059154,0.3604773955242959,7306.25,7240.416666666667,7366.458333333333,162.74179335483504,31365.375,31226.873958333334,31521.375,376.98896449077404,284.4166666666667,283.75,285.125,1.7916877315917057
cloud_stress,resource_aware_myopic,24,0.02215415094079372,0.021228864253915264,0.023171295595975822,0.002436132096163512,0.017957951493448143,0.017221244131633843,0.01868205864356872,0.0018435681559734395,0.11616249673636259,0.11542026043904909,0.1169848304410512,0.002014535897589604,0.013997761142755402,0.011837821194018888,0.0165341610601943,0.0060870152478512095,0.9998553240740741,0.9995659722222222,1.0,0.0007087643931664262,20.228400939928108,19.98868670826245,20.440996398643172,0.5801863385057997,142.16666666666666,140.45833333333334,143.70833333333334,4.0180751033588065,149.95833333333334,148.62395833333332,151.20937500000002,3.3032153856595503,7.791666666666667,6.291666666666667,9.333333333333334,3.8332545675587664,1147.6887690146368,1134.3581814587926,1159.326527416825,32.133700024124046,1101.1560816999515,1084.5072726639626,1116.438719255334,41.411779190058226,46.53268731468552,39.19938553252783,55.19893674059666,20.045377079161156,11.967751828564111,11.70185800913065,12.289630899107046,0.7632169787491888,7211.083333333333,7126.748958333334,7289.5,204.0193760335068,31261.666666666668,31025.252083333333,31513.42604166667,620.1308884748281,283.0416666666667,281.75,284.4166666666667,3.3032153856595503
cloud_stress,static_priority,24,0.03595657133338773,0.03479308625358316,0.037079667933213135,0.0029016281689552017,0.033018315260693425,0.03176170007815049,0.03430198591032617,0.0033147931052000213,0.18411500605498776,0.1840043991079458,0.18422134203379054,0.0002845012330748655,0.008345431009789493,0.007492857558273095,0.009236595610715253,0.0022548524009281794,1.0,1.0,1.0,0.0,0.658078256164241,0.6260973575533328,0.6893863260635549,0.08193635512555986,136.29166666666666,134.66666666666666,137.95833333333334,4.1960557739347335,150.20833333333334,148.5,151.95937500000002,4.5681236435968335,13.916666666666666,12.541666666666666,15.333333333333334,3.5375828970673164,1103.4698446804944,1090.4982666536064,1116.7790975264807,33.64711010938731,1037.7717883066505,1021.8506617973109,1054.0080599817416,40.35315212591805,65.69805637384435,55.69865413584515,75.86447241306895,25.92045622854332,12.509308407356349,12.090657464087982,12.989965379563246,1.1738754323200282,6958.416666666667,6844.663541666667,7060.291666666667,269.55598219336906,31513.208333333332,31187.936458333334,31847.873958333334,834.9308734295295,282.7916666666667,280.95729166666666,284.5416666666667,4.5681236435968335
cloud_stress,uniform_random,24,0.025132061262588212,0.024324401865634237,0.025943424669469636,0.0021301448883030813,0.02054548590462575,0.01981441547677351,0.021296086320505322,0.0019112569009788326,0.13390827070375655,0.13284486609835428,0.1349653298223102,0.002738485446506744,0.013656273594713596,0.011618735436531021,0.016009237719156612,0.005449718587152762,0.9998553240740741,0.9995659722222222,1.0,0.0007087643931664262,15.117618037318692,14.811246093183106,15.421850729262998,0.7886838085939365,138.0,135.79166666666666,140.16666666666666,5.477225575051661,150.54166666666666,148.95833333333334,152.0,3.9007152818611264,12.541666666666666,11.208333333333334,13.876041666666671,3.4259770636388844,1114.973866307497,1097.3135960019265,1131.972682725038,43.70602955926109,1047.2767659850726,1027.9107722318895,1067.4198187886573,50.8061509692543,67.69710032242428,56.364124171353936,78.52986917839343,27.98489011190724,12.951602215705202,12.425613894591118,13.48502338444166,1.3556024948626926,7043.625,6916.257291666667,7181.503125,339.5168962306397,31384.625,31060.415625,31711.559375,847.0508845913312,282.4583333333333,281.0,284.0416666666667,3.900715281861127
nominal,dynamic_information_utility,24,0.018723270767510812,0.017691524074880813,0.01978710321164849,0.0026989510655661946,0.015074686985207647,0.014170142315604813,0.01600052812532816,0.0022898943022760763,0.11465103607244552,0.11433799958655322,0.11504291555020724,0.0009264926655054965,0.011164919707421344,0.009727158281022134,0.012686551833873643,0.003865785301360194,1.0,1.0,1.0,0.0,20.663701611136222,20.55353528394656,20.756320873393488,0.2668298876655813,144.54166666666666,143.75,145.08333333333334,1.7932037558919307,149.08333333333334,148.20833333333334,149.875,2.1450988964060187,4.541666666666667,3.7916666666666665,5.25,1.8410575095914818,1169.692972177558,1163.231083129391,1174.1842708823403,14.395074029853456,1125.9884525794319,1118.3223625307091,1133.3409593166377,20.014747336798795,43.70451959812605,38.37073287768791,50.871113336167404,16.126636771608194,12.150415830038044,11.878575472641009,12.506506961593438,0.8255426816638805,7318.416666666667,7258.0,7378.001041666666,154.6755135525776,31278.625,31138.371875,31431.69479166667,375.36449676918386,283.9166666666667,283.0833333333333,284.8333333333333,2.1450988964060187
nominal,myopic_information,24,0.02584434701146106,0.02487584855508922,0.026747333913907642,0.002369787821718724,0.02154185603478499,0.020735497670504886,0.022323995786712944,0.0020155304094862927,0.11402503927853007,0.11381781760061743,0.11424710600059143,0.0005545391316117983,0.01834619964914427,0.01518739071595537,0.021925220501138883,0.00870352036725598,0.9994212962962963,0.9988425925925926,0.9998553240740741,0.0013218524090744413,20.843988687783874,20.781711377375824,20.90564847948624,0.1597072699041994,144.91666666666666,144.58333333333334,145.25,0.880546602310508,148.875,148.20833333333334,149.58333333333334,1.7769661492702031,3.9583333333333335,3.125,4.834375000000003,2.2161299339294103,1172.125640163714,1169.2499886888907,1174.9417496249864,7.245936120316656,1127.092280551778,1119.6109503005187,1132.4617971786167,16.927866039731363,45.033359611936,39.70007558927872,51.537696720293845,15.390577079630065,11.991100801472598,11.747538055114214,12.302093257828695,0.7233277119425825,7300.541666666667,7246.416666666667,7354.916666666667,139.90244401217484,31322.625,31202.41354166667,31435.753125,302.391167989842,284.125,283.4166666666667,284.7916666666667,1.7769661492702031
nominal,resource_aware_myopic,24,0.020278662343095985,0.019140210108930612,0.02140903662603592,0.002905468612478795,0.016258066706992137,0.015296473157636343,0.01714150280044046,0.0023278875468737727,0.11481069372774055,0.11436958266056195,0.1153297852339169,0.0012596482591313378,0.011218907815287222,0.009756370653686168,0.01271822614002974,0.0037589132266062975,1.0,1.0,1.0,0.0,20.617720206411253,20.46380136078465,20.74445208792433,0.3627786986298236,143.95833333333334,142.95833333333334,144.75,2.3121449982113194,148.625,147.83333333333334,149.41666666666666,2.0175857290120396,4.666666666666667,3.7916666666666665,5.541666666666667,2.200131748360749,1161.9447850662775,1153.7267398690415,1168.2487904747509,18.477586447089767,1117.4116765985382,1104.9046752673144,1127.6759985959868,30.23157010669795,44.53310846773956,37.69980551914617,53.19959605045672,19.249243820757425,12.144405520588228,11.827434649618617,12.54087021312989,0.9163594248572844,7228.291666666667,7144.497916666666,7294.333333333333,191.1269733123408,31433.375,31277.657291666666,31600.719791666666,418.1865417438158,284.375,283.5833333333333,285.125,2.0175857290120396
nominal,static_priority,24,0.03499313241863975,0.033646454489675535,0.03631771230236385,0.003467658363420151,0.03236927922756148,0.030958429289356895,0.03385177766783783,0.003564183267982487,0.18412295789641764,0.18403232844994571,0.18420747205653734,0.000226407780823442,0.007339789295148036,0.006661189934645056,0.008033292762219112,0.0017752581591501365,1.0,1.0,1.0,0.0,0.6557881258324302,0.6310026978526344,0.68234729401256,0.0652054408771506,140.95833333333334,139.58333333333334,142.33333333333334,3.5689380550213685,149.16666666666666,147.79166666666666,150.5,3.357880629033822,8.208333333333334,7.248958333333333,9.291666666666666,2.6536138880151094,1140.6639566180068,1129.3766537217784,1151.9497175015224,28.43333677706929,1096.1323902968043,1081.4732320072237,1110.3092902109208,37.418060043301395,44.53156632120275,36.19851065691948,53.86477068623317,21.855060804659047,12.167222474901768,11.861673022004023,12.465760894668135,0.7570781387350066,7162.958333333333,7054.583333333333,7271.125,274.7815700367913,31446.166666666668,31186.120833333334,31717.501041666666,688.1318545710279,283.8333333333333,282.5,285.2083333333333,3.357880629033823
nominal,uniform_random,24,0.023298020710205637,0.02219036740426602,0.024431426179963297,0.0028475922567954147,0.01889009201991582,0.017973383972818273,0.019832026260718776,0.0023868600590256747,0.1323383891495399,0.1314355032969133,0.13326252608078884,0.002335021870488156,0.012237243640443653,0.0105597432541694,0.014176647028438438,0.004551085788980011,0.9998553240740741,0.9995659722222223,1.0,0.0007087643931664262,15.56974392493308,15.309901605177432,15.828654706570235,0.672486298700584,141.91666666666666,140.29166666666666,143.375,3.9000185804091028,150.08333333333334,148.74895833333332,151.45833333333334,3.463055532790141,8.166666666666666,7.125,9.292708333333337,2.8078564726521353,1146.4516944998009,1133.0232023432395,1157.9446405464,31.61063041195747,1096.0868991359064,1077.614240226558,1113.0302406979426,44.73908885270138,50.36479536389444,41.032205049520826,60.031680622684185,24.42853322641319,12.097871004289177,11.774392831409548,12.476398087325933,0.9151348766006776,7180.541666666667,7060.746875,7289.042708333333,288.4756005305289,31293.875,31009.442708333332,31578.178125000002,728.1684177202534,282.9166666666667,281.5416666666667,284.25,3.463055532790141
storage_stress,dynamic_information_utility,24,0.024231358238439596,0.023065324419831237,0.02549161194126912,0.003035457066079065,0.020452411134530113,0.019250163573584153,0.02169591963924556,0.0030452932815823097,0.14805270707415377,0.14778733036671463,0.14836930735374962,0.0007436458094191073,0.011249757700387733,0.00985998659513766,0.012787137592325888,0.0038278530911960346,1.0,1.0,1.0,0.0,11.044020362644346,10.95022141278134,11.120926145943267,0.21416999311270118,75.83333333333333,75.20833333333333,76.29166666666667,1.3405601251996726,78.83333333333333,78.25,79.45833333333333,1.4939491483885972,3.0,2.2916666666666665,3.7916666666666665,1.956038587687303,944.2856862292207,937.0762920366711,949.968142954944,16.610438753376325,921.8810992117882,916.7208194052387,926.5254463103632,12.514226753223927,22.404587017432537,18.270973739476695,26.021502276282312,9.675260793823037,12.161936120573108,11.929259309569524,12.394598879111989,0.595796544953799,9045.416666666666,8996.916666666666,9092.876041666666,123.6604455640584,39307.916666666664,39199.53645833333,39407.958333333336,264.09713573124804,354.1666666666667,353.5416666666667,354.75,1.493949148388597
storage_stress,myopic_information,24,0.02818939703920902,0.027257092800402054,0.029160996498988203,0.002417845084563492,0.024128461444206672,0.023270806699170095,0.02502776859937139,0.002238325984213834,0.1475604960728691,0.14738634596741543,0.14775207162333442,0.00048006563706774963,0.011556640587708592,0.009919693138799765,0.013426912106095354,0.004493405343111111,1.0,1.0,1.0,0.0,11.185777131014328,11.128720185289799,11.236170992832774,0.13825890347551303,76.54166666666667,76.25,76.83333333333333,0.721060008759246,78.375,77.875,78.875,1.2445533509971602,1.8333333333333333,1.3333333333333333,2.3333333333333335,1.2394482175782782,952.2535343379492,948.1769275759831,955.5286581771907,9.092618723343705,928.299230484322,926.767392030171,929.4213093738025,3.4826525156654777,23.95430385362732,20.337261031962687,27.054651955422525,8.816474052240395,12.343499982438189,12.071146846108364,12.59853481492217,0.6721748364195341,9082.0,9058.748958333334,9100.083333333334,50.94412966992455,39330.958333333336,39249.28229166666,39406.71770833334,196.81827397631167,354.625,354.125,355.125,1.2445533509971602
storage_stress,resource_aware_myopic,24,0.02388663837411725,0.02276407657140122,0.025075254551976917,0.0030357767045312884,0.020217303438815958,0.0190273523425369,0.02140525110634357,0.003014448080467687,0.14780070647572505,0.14758988582156896,0.14802783145366072,0.0005635480321021368,0.01234769306283257,0.010730016926937288,0.014107152222761071,0.004267403450335119,1.0,1.0,1.0,0.0,11.116596534991826,11.052408107259746,11.1785258453345,0.16230183324541422,76.29166666666667,75.91666666666667,76.625,0.9078961186825509,79.125,78.58229166666666,79.70833333333333,1.4237885773679595,2.8333333333333335,2.25,3.5,1.5510632164580769,949.2146440208093,944.5264447116004,953.3886719602094,11.304924820909113,927.4843517409654,924.5470460624815,929.4523828430583,6.492645598403973,21.73029227984397,17.596348537967096,25.50597116324467,10.251687494038604,12.343374372227217,12.01447347192801,12.712481523094961,0.8846556915459568,9056.875,9015.247916666667,9088.251041666666,95.9344488609846,39234.041666666664,39156.33020833333,39305.209375000006,189.20393395272836,353.875,353.3333333333333,354.4166666666667,1.4237885773679595
storage_stress,static_priority,24,0.0341503959031143,0.03288956912263392,0.035442628576842244,0.0032663465673794046,0.031523127108517894,0.030128884766893887,0.032944344755040475,0.003595013377191567,0.18478043369099958,0.18474391201580262,0.18481332069370043,9.152409078144914e-05,0.007161607804145628,0.006643032316222672,0.00772692646024245,0.001414779851500399,1.0,1.0,1.0,0.0,0.4664350969928374,0.45632023291519735,0.4773332074104758,0.026358938145056986,76.0,75.5,76.41666666666667,1.179535649239177,80.0,79.375,80.625,1.6418441381303657,4.0,3.25,4.708333333333333,1.8650096164806276,946.6958778293974,940.4961025705373,951.8720844114728,14.639728677037047,924.4486493842993,920.1019938644266,928.4170037946352,10.53224935801671,22.247228445097857,18.113349064020507,26.022832522662185,10.273438024140805,12.269411195983272,11.985640914609924,12.564595612642327,0.7359879044025217,9104.5,9056.083333333334,9152.791666666666,123.65906848020207,39058.625,38932.37395833333,39174.46145833334,303.0343376295972,353.0,352.3333333333333,353.625,1.6418441381303657
storage_stress,uniform_random,24,0.026124347468089847,0.02503815411966442,0.02721508329796476,0.002790757480483825,0.0220005458378837,0.020981911510582034,0.023083126256929303,0.0026731989028022925,0.1536677666754133,0.1532841115512746,0.15407977832917893,0.0010208646769015591,0.010688328224767925,0.009158277149790874,0.012400911413882165,0.004070558557259282,0.9998553240740741,0.9995659722222222,1.0,0.0007087643931664262,9.426883197481617,9.31474634777371,9.541393270625543,0.2940090269476468,75.91666666666667,75.41666666666667,76.375,1.212853862900895,79.33333333333333,78.66666666666667,80.04166666666667,1.7362294645648624,3.4166666666666665,2.5416666666666665,4.416666666666667,2.3941353466274657,944.8380293204576,938.8288685349727,950.3997299609581,14.832332291118263,923.4257121642169,918.022810713075,927.6663833074508,12.478022751783268,21.41231715624077,17.636977760070636,24.870980718865223,9.397787640659516,12.531007215110582,12.213503050979483,12.882735150394781,0.8585024505292586,9045.125,8997.912499999999,9081.001041666666,107.56971955535346,39227.833333333336,39149.75,39302.796875,194.4022424872151,353.6666666666667,352.9583333333333,354.3333333333333,1.7362294645648624
